-- MySQL Script generated by MySQL Workbench
-- Mon Oct 12 20:03:39 2020
-- Model: New Model    Version: 1.0
-- MySQL Workbench Forward Engineering

SET @OLD_UNIQUE_CHECKS=@@UNIQUE_CHECKS, UNIQUE_CHECKS=0;
SET @OLD_FOREIGN_KEY_CHECKS=@@FOREIGN_KEY_CHECKS, FOREIGN_KEY_CHECKS=0;
SET @OLD_SQL_MODE=@@SQL_MODE, SQL_MODE='ONLY_FULL_GROUP_BY,STRICT_TRANS_TABLES,NO_ZERO_IN_DATE,NO_ZERO_DATE,ERROR_FOR_DIVISION_BY_ZERO,NO_ENGINE_SUBSTITUTION';

-- -----------------------------------------------------
-- Schema bgs19c
-- -----------------------------------------------------
DROP SCHEMA IF EXISTS `bgs19c` ;

-- -----------------------------------------------------
-- Schema bgs19c
-- -----------------------------------------------------
CREATE SCHEMA IF NOT EXISTS `bgs19c` DEFAULT CHARACTER SET utf8 ;
SHOW WARNINGS;
USE `bgs19c` ;

-- -----------------------------------------------------
-- Table `bgs19c`.`petstore`
-- -----------------------------------------------------
DROP TABLE IF EXISTS `bgs19c`.`petstore` ;

SHOW WARNINGS;
CREATE TABLE IF NOT EXISTS `bgs19c`.`petstore` (
  `pst_id` SMALLINT UNSIGNED NOT NULL AUTO_INCREMENT,
  `pst_name` VARCHAR(30) NOT NULL,
  `pst_street` VARCHAR(30) NOT NULL,
  `pst_city` CHAR(2) NOT NULL,
  `pst_state` VARCHAR(30) NOT NULL,
  `pst_zip` INT(9) UNSIGNED NOT NULL,
  `pst_phone` BIGINT UNSIGNED NOT NULL,
  `pst_email` VARCHAR(100) NOT NULL,
  `pst_url` VARCHAR(100) NOT NULL,
  `pst_ytd_sales` DECIMAL(10,2) UNSIGNED NOT NULL,
  `pst_notes` VARCHAR(45) NULL,
  PRIMARY KEY (`pst_id`))
ENGINE = InnoDB;

SHOW WARNINGS;

-- -----------------------------------------------------
-- Table `bgs19c`.`customer`
-- -----------------------------------------------------
DROP TABLE IF EXISTS `bgs19c`.`customer` ;

SHOW WARNINGS;
CREATE TABLE IF NOT EXISTS `bgs19c`.`customer` (
  `cus_id` SMALLINT UNSIGNED NOT NULL AUTO_INCREMENT,
  `cus_fname` VARCHAR(30) NOT NULL,
  `cus_lname` VARCHAR(30) NOT NULL,
  `cus_street` VARCHAR(30) NOT NULL,
  `cus_city` VARCHAR(30) NOT NULL,
  `cus_state` CHAR(2) NOT NULL,
  `cus_zip` INT(9) UNSIGNED NOT NULL,
  `cus_phone` BIGINT UNSIGNED NOT NULL,
  `cus_email` VARCHAR(100) NOT NULL,
  `cus_balance` DECIMAL(8,2) NOT NULL,
  `cus_total_sales` DECIMAL(8,2) NOT NULL,
  `cus_notes` VARCHAR(255) NULL,
  PRIMARY KEY (`cus_id`))
ENGINE = InnoDB;

SHOW WARNINGS;

-- -----------------------------------------------------
-- Table `bgs19c`.`pet`
-- -----------------------------------------------------
DROP TABLE IF EXISTS `bgs19c`.`pet` ;

SHOW WARNINGS;
CREATE TABLE IF NOT EXISTS `bgs19c`.`pet` (
  `pet_id` SMALLINT UNSIGNED NOT NULL AUTO_INCREMENT,
  `pst_id` SMALLINT UNSIGNED NOT NULL,
  `cus_id` SMALLINT UNSIGNED NULL,
  `pet_type` VARCHAR(45) NOT NULL,
  `pet_sex` ENUM('m', 'f') NOT NULL,
  `pet_cost` DECIMAL(6,2) NOT NULL,
  `pet_price` DECIMAL(6,2) NOT NULL,
  `pet_age` TINYINT UNSIGNED NOT NULL,
  `pet_color` VARCHAR(45) NOT NULL,
  `pet_sale_date` DATE NULL,
  `pet_vaccine` ENUM('y', 'n') NOT NULL,
  `pet_neuter` ENUM('y', 'n') NOT NULL,
  `pet_notes` VARCHAR(255) NULL,
  PRIMARY KEY (`pet_id`),
  INDEX `fk_pet_petstore_idx` (`pst_id` ASC) VISIBLE,
  INDEX `fk_pet_customer1_idx` (`cus_id` ASC) VISIBLE,
  CONSTRAINT `fk_pet_petstore`
    FOREIGN KEY (`pst_id`)
    REFERENCES `bgs19c`.`petstore` (`pst_id`)
    ON DELETE CASCADE
    ON UPDATE CASCADE,
  CONSTRAINT `fk_pet_customer1`
    FOREIGN KEY (`cus_id`)
    REFERENCES `bgs19c`.`customer` (`cus_id`)
    ON DELETE SET NULL
    ON UPDATE CASCADE)
ENGINE = InnoDB;

SHOW WARNINGS;

SET SQL_MODE=@OLD_SQL_MODE;
SET FOREIGN_KEY_CHECKS=@OLD_FOREIGN_KEY_CHECKS;
SET UNIQUE_CHECKS=@OLD_UNIQUE_CHECKS;

-- -----------------------------------------------------
-- Data for table `bgs19c`.`petstore`
-- -----------------------------------------------------
START TRANSACTION;
USE `bgs19c`;
INSERT INTO `bgs19c`.`petstore` (`pst_id`, `pst_name`, `pst_street`, `pst_city`, `pst_state`, `pst_zip`, `pst_phone`, `pst_email`, `pst_url`, `pst_ytd_sales`, `pst_notes`) VALUES (1, 'Sit Amet Institute', '228-4868 Libero. Rd.', 'Olathe', 'KS', 93007, 9258122284, 'dui.lectus@imperdietnec.co.uk', '97.04', 1000.52, '');
INSERT INTO `bgs19c`.`petstore` (`pst_id`, `pst_name`, `pst_street`, `pst_city`, `pst_state`, `pst_zip`, `pst_phone`, `pst_email`, `pst_url`, `pst_ytd_sales`, `pst_notes`) VALUES (2, 'Et Commodo Institute', '409 Maecenas Street', 'Jefferson City', 'MO', 60300, 3478173756, 'diam.vel.arcu@consequatenim.net', '66.97', 4321.23, '');
INSERT INTO `bgs19c`.`petstore` (`pst_id`, `pst_name`, `pst_street`, `pst_city`, `pst_state`, `pst_zip`, `pst_phone`, `pst_email`, `pst_url`, `pst_ytd_sales`, `pst_notes`) VALUES (3, 'Mollis Integer Tincidunt Foundation', 'P.O. Box 681, 2225 Amet Av.', 'Fort Smith', 'AR', 71001, 7615628721, 'imperdiet.nec@acfacilisis.net', '77.76', 5453.12, '');
INSERT INTO `bgs19c`.`petstore` (`pst_id`, `pst_name`, `pst_street`, `pst_city`, `pst_state`, `pst_zip`, `pst_phone`, `pst_email`, `pst_url`, `pst_ytd_sales`, `pst_notes`) VALUES (4, 'Rhoncus Id Corporation', 'Ap #198-1761 Mattis St.', 'Fresno', 'CA', 96534, 9548249846, 'molestie.pharetra@nequeseddictum.com', '94.40', 123.22, '');
INSERT INTO `bgs19c`.`petstore` (`pst_id`, `pst_name`, `pst_street`, `pst_city`, `pst_state`, `pst_zip`, `pst_phone`, `pst_email`, `pst_url`, `pst_ytd_sales`, `pst_notes`) VALUES (5, 'Nullam Nisl LLC', '534-562 Augue Rd.', 'Great Falls', 'MT', 46590, 5611145891, 'non.nisi.Aenean@mauris.com', '99.60', 10.32, '');
INSERT INTO `bgs19c`.`petstore` (`pst_id`, `pst_name`, `pst_street`, `pst_city`, `pst_state`, `pst_zip`, `pst_phone`, `pst_email`, `pst_url`, `pst_ytd_sales`, `pst_notes`) VALUES (6, 'Gravida Foundation', '752-6851 Donec Road', 'Sterling Heights', 'MI', 18213, 3944238366, 'auctor.ullamcorper@turpisnecmauris.ca', '93.31', 5435.23, '');
INSERT INTO `bgs19c`.`petstore` (`pst_id`, `pst_name`, `pst_street`, `pst_city`, `pst_state`, `pst_zip`, `pst_phone`, `pst_email`, `pst_url`, `pst_ytd_sales`, `pst_notes`) VALUES (7, 'Sagittis Nullam Vitae LLC', '385 Nec Av.', 'Dover', 'DE', 13921, 3981779153, 'sit.amet@lobortisaugue.ca', '63.86', 12375.23, 'quis diam. Pellentesque habitant morbi');
INSERT INTO `bgs19c`.`petstore` (`pst_id`, `pst_name`, `pst_street`, `pst_city`, `pst_state`, `pst_zip`, `pst_phone`, `pst_email`, `pst_url`, `pst_ytd_sales`, `pst_notes`) VALUES (8, 'Elit Etiam Laoreet Company', '4458 Mattis Road', 'Omaha', 'NE', 70999, 9863871459, 'tellus.Phasellus.elit@pellentesqueafacilisis.net', '79.18', 2300.23, 'eu sem. Pellentesque ut ipsum');
INSERT INTO `bgs19c`.`petstore` (`pst_id`, `pst_name`, `pst_street`, `pst_city`, `pst_state`, `pst_zip`, `pst_phone`, `pst_email`, `pst_url`, `pst_ytd_sales`, `pst_notes`) VALUES (9, 'Rhoncus Corp.', '815-4741 Dis Road', 'Lawton', 'OK', 74746, 6698829972, 'purus.Maecenas.libero@acfeugiat.edu', '71.11', 656.34, '');
INSERT INTO `bgs19c`.`petstore` (`pst_id`, `pst_name`, `pst_street`, `pst_city`, `pst_state`, `pst_zip`, `pst_phone`, `pst_email`, `pst_url`, `pst_ytd_sales`, `pst_notes`) VALUES (10, 'Blandit Enim Consequat Inc.', '7264 Suscipit, Av.', 'Hartford', 'CT', 60695, 9126222941, 'et.nunc.Quisque@magnaetipsum.org', '83.67', 434.23, 'dolor dolor, tempus non, lacinia');

COMMIT;


-- -----------------------------------------------------
-- Data for table `bgs19c`.`customer`
-- -----------------------------------------------------
START TRANSACTION;
USE `bgs19c`;
INSERT INTO `bgs19c`.`customer` (`cus_id`, `cus_fname`, `cus_lname`, `cus_street`, `cus_city`, `cus_state`, `cus_zip`, `cus_phone`, `cus_email`, `cus_balance`, `cus_total_sales`, `cus_notes`) VALUES (1, 'Declan', 'Chapman', 'P.O. Box 279, 1078 Natoque Av.', 'Idaho Falls', 'ID', 92046, (840) 356-6105, 'Sed.eget@ipsum.ca', 84.65, 60.04, 'Ut tincidunt vehicula risus. Nulla');
INSERT INTO `bgs19c`.`customer` (`cus_id`, `cus_fname`, `cus_lname`, `cus_street`, `cus_city`, `cus_state`, `cus_zip`, `cus_phone`, `cus_email`, `cus_balance`, `cus_total_sales`, `cus_notes`) VALUES (2, 'Omar', 'Mckinney', '7560 Eu Av.', 'Norfolk', 'VA', 13578, (991) 717-0037, 'risus.Quisque@in.edu', 37.24, 8.70, 'dolor. Quisque tincidunt pede ac');
INSERT INTO `bgs19c`.`customer` (`cus_id`, `cus_fname`, `cus_lname`, `cus_street`, `cus_city`, `cus_state`, `cus_zip`, `cus_phone`, `cus_email`, `cus_balance`, `cus_total_sales`, `cus_notes`) VALUES (3, 'Steven', 'Garrison', '7115 Amet Avenue', 'Lowell', 'MA', 31531, (944) 838-4592, 'dapibus.quam.quis@adipiscing.org', 67.16, 56.22, 'ante, iaculis nec, eleifend non,');
INSERT INTO `bgs19c`.`customer` (`cus_id`, `cus_fname`, `cus_lname`, `cus_street`, `cus_city`, `cus_state`, `cus_zip`, `cus_phone`, `cus_email`, `cus_balance`, `cus_total_sales`, `cus_notes`) VALUES (4, 'Quin', 'Glenn', '8181 Velit. Av.', 'Kearney', 'NE', 93730, (609) 278-0673, 'id.mollis.nec@maurisMorbi.ca', 62.25, 15.42, 'ac, feugiat non, lobortis quis,');
INSERT INTO `bgs19c`.`customer` (`cus_id`, `cus_fname`, `cus_lname`, `cus_street`, `cus_city`, `cus_state`, `cus_zip`, `cus_phone`, `cus_email`, `cus_balance`, `cus_total_sales`, `cus_notes`) VALUES (5, 'Hakeem', 'Noel', '972-2641 Rhoncus. Rd.', 'Overland Park', 'KS', 59240, (462) 903-6145, 'cursus.purus@magnisdisparturient.edu', 55.01, 29.77, 'Pellentesque habitant morbi tristique senectus');
INSERT INTO `bgs19c`.`customer` (`cus_id`, `cus_fname`, `cus_lname`, `cus_street`, `cus_city`, `cus_state`, `cus_zip`, `cus_phone`, `cus_email`, `cus_balance`, `cus_total_sales`, `cus_notes`) VALUES (6, 'Mohammad', 'Harvey', '5145 A Avenue', 'Racine', 'WI', 60337, (781) 534-0444, 'vel.lectus@lorem.ca', 39.23, 29.36, 'a purus. Duis elementum, dui');
INSERT INTO `bgs19c`.`customer` (`cus_id`, `cus_fname`, `cus_lname`, `cus_street`, `cus_city`, `cus_state`, `cus_zip`, `cus_phone`, `cus_email`, `cus_balance`, `cus_total_sales`, `cus_notes`) VALUES (7, 'Alea', 'Barker', 'Ap #450-9576 Neque St.', 'Kailua', 'HI', 23098, (440) 288-7467, 'imperdiet@Suspendisse.co.uk', 40.55, 74.34, 'consectetuer, cursus et, magna. Praesent');
INSERT INTO `bgs19c`.`customer` (`cus_id`, `cus_fname`, `cus_lname`, `cus_street`, `cus_city`, `cus_state`, `cus_zip`, `cus_phone`, `cus_email`, `cus_balance`, `cus_total_sales`, `cus_notes`) VALUES (8, 'Rebecca', 'Garza', '2236 Augue Street', 'Grand Island', 'NE', 81505, (589) 896-3041, 'Sed@Sed.ca', 61.59, 91.76, 'lectus rutrum urna, nec luctus');
INSERT INTO `bgs19c`.`customer` (`cus_id`, `cus_fname`, `cus_lname`, `cus_street`, `cus_city`, `cus_state`, `cus_zip`, `cus_phone`, `cus_email`, `cus_balance`, `cus_total_sales`, `cus_notes`) VALUES (9, 'Wyoming', 'Warren', '3490 Euismod Avenue', 'Montpelier', 'VT', 72292, (989) 733-0358, 'dui.in@eu.com', 32.32, 70.54, 'primis in faucibus orci luctus');
INSERT INTO `bgs19c`.`customer` (`cus_id`, `cus_fname`, `cus_lname`, `cus_street`, `cus_city`, `cus_state`, `cus_zip`, `cus_phone`, `cus_email`, `cus_balance`, `cus_total_sales`, `cus_notes`) VALUES (10, 'Kiayada', 'Carey', '317 Ultrices Rd.', 'Bridgeport', 'CT', 17187, (358) 385-2910, 'nunc.ac.mattis@pharetra.co.uk', 14.10, 79.75, 'aliquam, enim nec tempus scelerisque,');

COMMIT;


-- -----------------------------------------------------
-- Data for table `bgs19c`.`pet`
-- -----------------------------------------------------
START TRANSACTION;
USE `bgs19c`;
INSERT INTO `bgs19c`.`pet` (`pet_id`, `pst_id`, `cus_id`, `pet_type`, `pet_sex`, `pet_cost`, `pet_price`, `pet_age`, `pet_color`, `pet_sale_date`, `pet_vaccine`, `pet_neuter`, `pet_notes`) VALUES (1, 1, 1, 'Dog', 'm', 14.99, 15.99, 1, 'white', NULL, 'y', 'y', NULL);
INSERT INTO `bgs19c`.`pet` (`pet_id`, `pst_id`, `cus_id`, `pet_type`, `pet_sex`, `pet_cost`, `pet_price`, `pet_age`, `pet_color`, `pet_sale_date`, `pet_vaccine`, `pet_neuter`, `pet_notes`) VALUES (2, 2, 2, 'Cat', 'f', 15.99, 16.99, 10, 'black', '2020-10-23', 'y', 'y', NULL);
INSERT INTO `bgs19c`.`pet` (`pet_id`, `pst_id`, `cus_id`, `pet_type`, `pet_sex`, `pet_cost`, `pet_price`, `pet_age`, `pet_color`, `pet_sale_date`, `pet_vaccine`, `pet_neuter`, `pet_notes`) VALUES (3, 3, 3, 'Dog', 'm', 150.99, 155.99, 4, 'red', NULL, 'n', 'y', NULL);
INSERT INTO `bgs19c`.`pet` (`pet_id`, `pst_id`, `cus_id`, `pet_type`, `pet_sex`, `pet_cost`, `pet_price`, `pet_age`, `pet_color`, `pet_sale_date`, `pet_vaccine`, `pet_neuter`, `pet_notes`) VALUES (4, 4, 4, 'Bird', 'f', 123.30, 130.53, 6, 'yellow', '2020-01-02', 'y', 'n', NULL);
INSERT INTO `bgs19c`.`pet` (`pet_id`, `pst_id`, `cus_id`, `pet_type`, `pet_sex`, `pet_cost`, `pet_price`, `pet_age`, `pet_color`, `pet_sale_date`, `pet_vaccine`, `pet_neuter`, `pet_notes`) VALUES (5, 5, 5, 'Lizard', 'm', 10.23, 11.23, 1, 'green', NULL, 'y', 'n', NULL);
INSERT INTO `bgs19c`.`pet` (`pet_id`, `pst_id`, `cus_id`, `pet_type`, `pet_sex`, `pet_cost`, `pet_price`, `pet_age`, `pet_color`, `pet_sale_date`, `pet_vaccine`, `pet_neuter`, `pet_notes`) VALUES (6, 1, 6, 'Dog', 'f', 10.54, 11.54, 2, 'white', '2019-01-23', 'n', 'y', NULL);
INSERT INTO `bgs19c`.`pet` (`pet_id`, `pst_id`, `cus_id`, `pet_type`, `pet_sex`, `pet_cost`, `pet_price`, `pet_age`, `pet_color`, `pet_sale_date`, `pet_vaccine`, `pet_neuter`, `pet_notes`) VALUES (7, 2, 7, 'Dog', 'm', 11.22, 11.55, 3, 'gray', '2002-01-23', 'y', 'y', NULL);
INSERT INTO `bgs19c`.`pet` (`pet_id`, `pst_id`, `cus_id`, `pet_type`, `pet_sex`, `pet_cost`, `pet_price`, `pet_age`, `pet_color`, `pet_sale_date`, `pet_vaccine`, `pet_neuter`, `pet_notes`) VALUES (8, 3, 8, 'Cat', 'f', 72.12, 100.00, 5, 'silver', '1994-09-26', 'y', 'y', NULL);
INSERT INTO `bgs19c`.`pet` (`pet_id`, `pst_id`, `cus_id`, `pet_type`, `pet_sex`, `pet_cost`, `pet_price`, `pet_age`, `pet_color`, `pet_sale_date`, `pet_vaccine`, `pet_neuter`, `pet_notes`) VALUES (9, 4, 9, 'Cat', 'm', 12.32, 150.00, 8, 'pink', '2020-09-26', 'y', 'y', NULL);
INSERT INTO `bgs19c`.`pet` (`pet_id`, `pst_id`, `cus_id`, `pet_type`, `pet_sex`, `pet_cost`, `pet_price`, `pet_age`, `pet_color`, `pet_sale_date`, `pet_vaccine`, `pet_neuter`, `pet_notes`) VALUES (10, 5, 10, 'Lizard', 'f', 54.32, 154.55, 4, 'red', 'NULL', 'n', 'n', NULL);

COMMIT;

